Source Function / Function / Call Stack	CPU Time	Clockticks	Instructions Retired	CPI Rate	Retiring	Front-End Bound	Bad Speculation	L1 Bound	L2 Bound	L3 Bound	Memory Bandwidth	Local Memory	Remote Memory	Remote Cache	Store Bound	Core Bound	Average CPU Frequency	Module	Function (Full)	Source File	Start Address
do_spin	3542.638s	4,642,384,000,000	1,729,280,000,000	2.685	28.9%	10.2%	1.2%	13.7%	0.0%	0.6%	0.0%	0.0%	0.0%	0.0%	0.0%	50.9%	1.3 GHz	[Unknown]	do_spin	wait.h	0
func@0x3fd7b0	3020.793s	10,798,640,000,000	33,381,120,000,000	0.323	72.2%	0.7%	0.0%	3.5%	0.0%	0.1%	1.4%	0.0%	0.0%	0.0%	0.1%	27.3%	3.6 GHz	[Unknown]	func@0x3fd7b0	[Unknown]	0
func@0x159f20	814.781s	2,917,216,000,000	8,781,392,000,000	0.332	73.4%	0.9%	0.0%	4.4%	0.0%	0.1%	1.4%	0.0%	0.0%	0.0%	0.0%	25.4%	3.6 GHz	[Unknown]	func@0x159f20	[Unknown]	0
func@0x4e0d70	654.266s	2,303,632,000,000	1,911,920,000,000	1.205	25.5%	2.4%	42.7%	0.1%	0.0%	0.2%	1.1%	0.0%	0.0%	0.0%	0.0%	29.4%	3.5 GHz	[Unknown]	func@0x4e0d70	[Unknown]	0
ImagingResampleVertical_8bpc	635.416s	2,214,288,000,000	7,857,792,000,000	0.282	87.9%	0.4%	0.0%	0.9%	0.0%	0.2%	0.7%	0.0%	0.0%	0.0%	0.4%	11.9%	3.5 GHz	[Unknown]	ImagingResampleVertical_8bpc	[Unknown]	0
clock_gettime	595.501s	2,110,448,000,000	4,190,384,000,000	0.504	61.2%	1.5%	0.0%	1.5%	0.0%	0.3%	1.5%	0.0%	0.0%	0.0%	0.0%	55.5%	3.5 GHz	[Unknown]	clock_gettime	[Unknown]	0
ImagingResampleHorizontal_8bpc	425.230s	1,361,472,000,000	4,966,128,000,000	0.274	89.6%	0.3%	1.2%	0.7%	0.1%	0.1%	0.7%	0.0%	0.0%	0.0%	0.0%	8.6%	3.2 GHz	[Unknown]	ImagingResampleHorizontal_8bpc	[Unknown]	0
func@0x17770	364.325s	846,832,000,000	1,378,400,000,000	0.614	39.9%	9.2%	40.3%	15.4%	0.0%	0.1%	8.4%	0.0%	0.0%	0.0%	0.0%	6.9%	2.3 GHz	[Unknown]	func@0x17770	[Unknown]	0
c10::function_ref<void (char**, long const*, long, long)>::callback_fn<at::TensorIteratorBase::loop_2d_from_1d<at::native::(anonymous namespace)::cpu_kernel_vec<(bool)1, at::native::(anonymous namespace)::copy_kernel(at::TensorIterator&, bool)::{lambda()#6}::operator()(void) const::{lambda()#8}::operator()(void) const::{lambda(float)#1}, at::native::(anonymous namespace)::copy_kernel(at::TensorIterator&, bool)::{lambda()#6}::operator()(void) const::{lambda()#8}::operator()(void) const::{lambda(at::vec::(anonymous namespace)::Vectorized<float>)#2}>(void, at::TensorIteratorBase&, at::native::(anonymous namespace)::copy_kernel(at::TensorIterator&, bool)::{lambda()#6}::operator()(void) const::{lambda()#8}::operator()(void) const::{lambda(float)#1}&&, at::native::(anonymous namespace)::copy_kernel(at::TensorIterator&, bool)::{lambda()#6}::operator()(void) const::{lambda()#8}::operator()(void) const::{lambda(at::vec::(anonymous namespace)::Vectorized<float>)#2}&&, long)::{lambda(char**long const*, long)#2}>(, signed char, at::native::(anonymous namespace)::cpu_kernel_vec<(bool)1, at::native::(anonymous namespace)::copy_kernel(at::TensorIterator&, bool)::{lambda()#6}::operator()(void) const::{lambda()#8}::operator()(void) const::{lambda(float)#1}, at::native::(anonymous namespace)::copy_kernel(at::TensorIterator&, bool)::{lambda()#6}::operator()(void) const::{lambda()#8}::operator()(void) const::{lambda(at::vec::(anonymous namespace)::Vectorized<float>)#2}>(void, at::TensorIteratorBase&, at::native::(anonymous namespace)::copy_kernel(at::TensorIterator&, bool)::{lambda()#6}::operator()(void) const::{lambda()#8}::operator()(void) const::{lambda(float)#1}&&, at::native::(anonymous namespace)::copy_kernel(at::TensorIterator&, bool)::{lambda()#6}::operator()(void) const::{lambda()#8}::operator()(void) const::{lambda(at::vec::(anonymous namespace)::Vectorized<float>)#2}&&, long)::{lambda(char**long const*, long)#2} const&)::{lambda(char**long const*, long, long)#1}>	350.020s	1,258,032,000,000	309,504,000,000	4.065	5.0%	1.2%	0.6%	9.6%	10.4%	10.9%	83.6%	100.0%	1.4%	0.0%	96.8%	6.5%	3.6 GHz	[Unknown]	c10::function_ref<void (char**, long const*, long, long)>::callback_fn<at::TensorIteratorBase::loop_2d_from_1d<at::native::(anonymous namespace)::cpu_kernel_vec<(bool)1, at::native::(anonymous namespace)::copy_kernel(at::TensorIterator&, bool)::{lambda()#6}::operator()(void) const::{lambda()#8}::operator()(void) const::{lambda(float)#1}, at::native::(anonymous namespace)::copy_kernel(at::TensorIterator&, bool)::{lambda()#6}::operator()(void) const::{lambda()#8}::operator()(void) const::{lambda(at::vec::(anonymous namespace)::Vectorized<float>)#2}>(void, at::TensorIteratorBase&, at::native::(anonymous namespace)::copy_kernel(at::TensorIterator&, bool)::{lambda()#6}::operator()(void) const::{lambda()#8}::operator()(void) const::{lambda(float)#1}&&, at::native::(anonymous namespace)::copy_kernel(at::TensorIterator&, bool)::{lambda()#6}::operator()(void) const::{lambda()#8}::operator()(void) const::{lambda(at::vec::(anonymous namespace)::Vectorized<float>)#2}&&, long)::{lambda(char**long const*, long)#2}>(, signed char, at::native::(anonymous namespace)::cpu_kernel_vec<(bool)1, at::native::(anonymous namespace)::copy_kernel(at::TensorIterator&, bool)::{lambda()#6}::operator()(void) const::{lambda()#8}::operator()(void) const::{lambda(float)#1}, at::native::(anonymous namespace)::copy_kernel(at::TensorIterator&, bool)::{lambda()#6}::operator()(void) const::{lambda()#8}::operator()(void) const::{lambda(at::vec::(anonymous namespace)::Vectorized<float>)#2}>(void, at::TensorIteratorBase&, at::native::(anonymous namespace)::copy_kernel(at::TensorIterator&, bool)::{lambda()#6}::operator()(void) const::{lambda()#8}::operator()(void) const::{lambda(float)#1}&&, at::native::(anonymous namespace)::copy_kernel(at::TensorIterator&, bool)::{lambda()#6}::operator()(void) const::{lambda()#8}::operator()(void) const::{lambda(at::vec::(anonymous namespace)::Vectorized<float>)#2}&&, long)::{lambda(char**long const*, long)#2} const&)::{lambda(char**long const*, long, long)#1}>(long, char**, long const*, long, long)	[Unknown]	0
func@0x36a860	335.710s	1,195,776,000,000	1,369,568,000,000	0.873	24.6%	4.0%	60.4%	4.2%	0.0%	1.8%	3.3%	0.0%	0.0%	0.0%	0.0%	0.0%	3.6 GHz	[Unknown]	func@0x36a860	[Unknown]	0
THFloatStorage_copy	306.545s	684,160,000,000	1,678,640,000,000	0.408	49.5%	4.4%	2.9%	3.9%	3.5%	2.5%	64.0%	100.0%	87.9%	44.9%	3.0%	23.2%	2.2 GHz	[Unknown]	THFloatStorage_copy(c10::StorageImpl*, c10::StorageImpl*)	[Unknown]	0
jpeg_idct_islow	300.650s	686,128,000,000	2,021,216,000,000	0.339	75.0%	1.0%	5.7%	2.1%	0.0%	0.0%	6.8%	0.0%	0.0%	0.0%	0.4%	16.5%	2.3 GHz	[Unknown]	jpeg_idct_islow	[Unknown]	0
c10::function_ref<void (char**, long const*, long, long)>::callback_fn<at::TensorIteratorBase::loop_2d_from_1d<at::native::(anonymous namespace)::cpu_kernel_vec<(bool)1, at::native::(anonymous namespace)::div_true_kernel(at::TensorIteratorBase&)::{lambda()#1}::operator()(void) const::{lambda()#4}::operator()(void) const::{lambda(floatfloat)#1}, at::native::(anonymous namespace)::div_true_kernel(at::TensorIteratorBase&)::{lambda()#1}::operator()(void) const::{lambda()#4}::operator()(void) const::{lambda(at::vec::(anonymous namespace)::Vectorized<float>at::vec::(anonymous namespace)::Vectorized<float>)#2}>(void, at::TensorIteratorBase&, at::native::(anonymous namespace)::div_true_kernel(at::TensorIteratorBase&)::{lambda()#1}::operator()(void) const::{lambda()#4}::operator()(void) const::{lambda(floatfloat)#1}&&, at::native::(anonymous namespace)::div_true_kernel(at::TensorIteratorBase&)::{lambda()#1}::operator()(void) const::{lambda()#4}::operator()(void) const::{lambda(at::vec::(anonymous namespace)::Vectorized<float>at::vec::(anonymous namespace)::Vectorized<float>)#2}&&, long)::{lambda(char**long const*, long)#2}>(, signed char, at::native::(anonymous namespace)::cpu_kernel_vec<(bool)1, at::native::(anonymous namespace)::div_true_kernel(at::TensorIteratorBase&)::{lambda()#1}::operator()(void) const::{lambda()#4}::operator()(void) const::{lambda(floatfloat)#1}, at::native::(anonymous namespace)::div_true_kernel(at::TensorIteratorBase&)::{lambda()#1}::operator()(void) const::{lambda()#4}::operator()(void) const::{lambda(at::vec::(anonymous namespace)::Vectorized<float>at::vec::(anonymous namespace)::Vectorized<float>)#2}>(void, at::TensorIteratorBase&, at::native::(anonymous namespace)::div_true_kernel(at::TensorIteratorBase&)::{lambda()#1}::operator()(void) const::{lambda()#4}::operator()(void) const::{lambda(floatfloat)#1}&&, at::native::(anonymous namespace)::div_true_kernel(at::TensorIteratorBase&)::{lambda()#1}::operator()(void) const::{lambda()#4}::operator()(void) const::{lambda(at::vec::(anonymous namespace)::Vectorized<float>at::vec::(anonymous namespace)::Vectorized<float>)#2}&&, long)::{lambda(char**long const*, long)#2} const&)::{lambda(char**long const*, long, long)#1}>	290.520s	1,019,168,000,000	368,704,000,000	2.764	12.4%	0.4%	0.1%	21.5%	7.2%	8.9%	78.3%	100.0%	0.8%	0.0%	16.4%	28.2%	3.5 GHz	[Unknown]	c10::function_ref<void (char**, long const*, long, long)>::callback_fn<at::TensorIteratorBase::loop_2d_from_1d<at::native::(anonymous namespace)::cpu_kernel_vec<(bool)1, at::native::(anonymous namespace)::div_true_kernel(at::TensorIteratorBase&)::{lambda()#1}::operator()(void) const::{lambda()#4}::operator()(void) const::{lambda(floatfloat)#1}, at::native::(anonymous namespace)::div_true_kernel(at::TensorIteratorBase&)::{lambda()#1}::operator()(void) const::{lambda()#4}::operator()(void) const::{lambda(at::vec::(anonymous namespace)::Vectorized<float>at::vec::(anonymous namespace)::Vectorized<float>)#2}>(void, at::TensorIteratorBase&, at::native::(anonymous namespace)::div_true_kernel(at::TensorIteratorBase&)::{lambda()#1}::operator()(void) const::{lambda()#4}::operator()(void) const::{lambda(floatfloat)#1}&&, at::native::(anonymous namespace)::div_true_kernel(at::TensorIteratorBase&)::{lambda()#1}::operator()(void) const::{lambda()#4}::operator()(void) const::{lambda(at::vec::(anonymous namespace)::Vectorized<float>at::vec::(anonymous namespace)::Vectorized<float>)#2}&&, long)::{lambda(char**long const*, long)#2}>(, signed char, at::native::(anonymous namespace)::cpu_kernel_vec<(bool)1, at::native::(anonymous namespace)::div_true_kernel(at::TensorIteratorBase&)::{lambda()#1}::operator()(void) const::{lambda()#4}::operator()(void) const::{lambda(floatfloat)#1}, at::native::(anonymous namespace)::div_true_kernel(at::TensorIteratorBase&)::{lambda()#1}::operator()(void) const::{lambda()#4}::operator()(void) const::{lambda(at::vec::(anonymous namespace)::Vectorized<float>at::vec::(anonymous namespace)::Vectorized<float>)#2}>(void, at::TensorIteratorBase&, at::native::(anonymous namespace)::div_true_kernel(at::TensorIteratorBase&)::{lambda()#1}::operator()(void) const::{lambda()#4}::operator()(void) const::{lambda(floatfloat)#1}&&, at::native::(anonymous namespace)::div_true_kernel(at::TensorIteratorBase&)::{lambda()#1}::operator()(void) const::{lambda()#4}::operator()(void) const::{lambda(at::vec::(anonymous namespace)::Vectorized<float>at::vec::(anonymous namespace)::Vectorized<float>)#2}&&, long)::{lambda(char**long const*, long)#2} const&)::{lambda(char**long const*, long, long)#1}>(long, char**, long const*, long, long)	[Unknown]	0
func@0x291e70	274.775s	945,680,000,000	2,252,832,000,000	0.420	70.4%	8.3%	0.0%	14.1%	0.0%	0.1%	1.4%	0.0%	0.0%	0.0%	0.0%	66.6%	3.4 GHz	[Unknown]	func@0x291e70	[Unknown]	0
clear_page_erms	239.550s	633,456,000,000	40,976,000,000	15.459	9.0%	1.7%	0.0%	0.0%	0.0%	0.0%	0.6%	0.0%	0.0%	0.0%	95.2%	43.3%	2.6 GHz	[Unknown]	clear_page_erms	[Unknown]	0
func@0x17ea80	222.085s	766,032,000,000	352,544,000,000	2.173	10.8%	5.1%	0.7%	3.0%	0.0%	12.0%	87.2%	100.0%	100.0%	32.9%	45.2%	11.6%	3.4 GHz	[Unknown]	func@0x17ea80	[Unknown]	0
cpu_relax	221.820s	298,768,000,000	355,104,000,000	0.841	17.3%	1.6%	0.0%	23.5%	0.0%	0.0%	0.0%	0.0%	0.0%	0.0%	0.0%	59.9%	1.3 GHz	[Unknown]	cpu_relax	futex.h	0
func@0x175ac0	220.840s	771,792,000,000	898,496,000,000	0.859	38.6%	0.6%	0.0%	0.2%	0.0%	0.2%	1.4%	0.0%	0.0%	0.0%	0.0%	83.3%	3.5 GHz	[Unknown]	func@0x175ac0	[Unknown]	0
c10::function_ref<void (char**, long const*, long, long)>::callback_fn<at::TensorIteratorBase::loop_2d_from_1d<at::native::(anonymous namespace)::cpu_kernel_vec<(bool)1, at::native::(anonymous namespace)::copy_kernel(at::TensorIterator&, bool)::{lambda()#6}::operator()(void) const::{lambda()#2}::operator()(void) const::{lambda(unsigned char)#1}, at::native::(anonymous namespace)::copy_kernel(at::TensorIterator&, bool)::{lambda()#6}::operator()(void) const::{lambda()#2}::operator()(void) const::{lambda(at::vec::(anonymous namespace)::Vectorized<unsigned char>)#2}>(void, at::TensorIteratorBase&, at::native::(anonymous namespace)::copy_kernel(at::TensorIterator&, bool)::{lambda()#6}::operator()(void) const::{lambda()#2}::operator()(void) const::{lambda(unsigned char)#1}&&, at::native::(anonymous namespace)::copy_kernel(at::TensorIterator&, bool)::{lambda()#6}::operator()(void) const::{lambda()#2}::operator()(void) const::{lambda(at::vec::(anonymous namespace)::Vectorized<unsigned char>)#2}&&, long)::{lambda(char**long const*, long)#2}>(, signed char, at::native::(anonymous namespace)::cpu_kernel_vec<(bool)1, at::native::(anonymous namespace)::copy_kernel(at::TensorIterator&, bool)::{lambda()#6}::operator()(void) const::{lambda()#2}::operator()(void) const::{lambda(unsigned char)#1}, at::native::(anonymous namespace)::copy_kernel(at::TensorIterator&, bool)::{lambda()#6}::operator()(void) const::{lambda()#2}::operator()(void) const::{lambda(at::vec::(anonymous namespace)::Vectorized<unsigned char>)#2}>(void, at::TensorIteratorBase&, at::native::(anonymous namespace)::copy_kernel(at::TensorIterator&, bool)::{lambda()#6}::operator()(void) const::{lambda()#2}::operator()(void) const::{lambda(unsigned char)#1}&&, at::native::(anonymous namespace)::copy_kernel(at::TensorIterator&, bool)::{lambda()#6}::operator()(void) const::{lambda()#2}::operator()(void) const::{lambda(at::vec::(anonymous namespace)::Vectorized<unsigned char>)#2}&&, long)::{lambda(char**long const*, long)#2} const&)::{lambda(char**long const*, long, long)#1}>	205.890s	746,304,000,000	2,880,944,000,000	0.259	88.8%	0.5%	0.0%	0.1%	2.2%	0.2%	31.6%	1.6%	0.0%	0.0%	0.1%	7.1%	3.6 GHz	[Unknown]	c10::function_ref<void (char**, long const*, long, long)>::callback_fn<at::TensorIteratorBase::loop_2d_from_1d<at::native::(anonymous namespace)::cpu_kernel_vec<(bool)1, at::native::(anonymous namespace)::copy_kernel(at::TensorIterator&, bool)::{lambda()#6}::operator()(void) const::{lambda()#2}::operator()(void) const::{lambda(unsigned char)#1}, at::native::(anonymous namespace)::copy_kernel(at::TensorIterator&, bool)::{lambda()#6}::operator()(void) const::{lambda()#2}::operator()(void) const::{lambda(at::vec::(anonymous namespace)::Vectorized<unsigned char>)#2}>(void, at::TensorIteratorBase&, at::native::(anonymous namespace)::copy_kernel(at::TensorIterator&, bool)::{lambda()#6}::operator()(void) const::{lambda()#2}::operator()(void) const::{lambda(unsigned char)#1}&&, at::native::(anonymous namespace)::copy_kernel(at::TensorIterator&, bool)::{lambda()#6}::operator()(void) const::{lambda()#2}::operator()(void) const::{lambda(at::vec::(anonymous namespace)::Vectorized<unsigned char>)#2}&&, long)::{lambda(char**long const*, long)#2}>(, signed char, at::native::(anonymous namespace)::cpu_kernel_vec<(bool)1, at::native::(anonymous namespace)::copy_kernel(at::TensorIterator&, bool)::{lambda()#6}::operator()(void) const::{lambda()#2}::operator()(void) const::{lambda(unsigned char)#1}, at::native::(anonymous namespace)::copy_kernel(at::TensorIterator&, bool)::{lambda()#6}::operator()(void) const::{lambda()#2}::operator()(void) const::{lambda(at::vec::(anonymous namespace)::Vectorized<unsigned char>)#2}>(void, at::TensorIteratorBase&, at::native::(anonymous namespace)::copy_kernel(at::TensorIterator&, bool)::{lambda()#6}::operator()(void) const::{lambda()#2}::operator()(void) const::{lambda(unsigned char)#1}&&, at::native::(anonymous namespace)::copy_kernel(at::TensorIterator&, bool)::{lambda()#6}::operator()(void) const::{lambda()#2}::operator()(void) const::{lambda(at::vec::(anonymous namespace)::Vectorized<unsigned char>)#2}&&, long)::{lambda(char**long const*, long)#2} const&)::{lambda(char**long const*, long, long)#1}>(long, char**, long const*, long, long)	[Unknown]	0
_PyEval_EvalFrameDefault	179.370s	478,288,000,000	427,984,000,000	1.118	22.7%	44.9%	11.7%	5.9%	3.1%	17.8%	17.0%	11.3%	1.0%	0.0%	3.2%	7.4%	2.7 GHz	[Unknown]	_PyEval_EvalFrameDefault	ceval.c	0
c10::function_ref<void (char**, long const*, long, long)>::callback_fn<at::TensorIteratorBase::loop_2d_from_1d<at::native::(anonymous namespace)::cpu_kernel_vec<(bool)1, at::native::(anonymous namespace)::mul_kernel(at::TensorIteratorBase&)::{lambda()#2}::operator()(void) const::{lambda()#8}::operator()(void) const::{lambda(floatfloat)#1}, at::native::(anonymous namespace)::mul_kernel(at::TensorIteratorBase&)::{lambda()#2}::operator()(void) const::{lambda()#8}::operator()(void) const::{lambda(at::vec::(anonymous namespace)::Vectorized<float>at::vec::(anonymous namespace)::Vectorized<float>)#2}>(void, at::TensorIteratorBase&, at::native::(anonymous namespace)::mul_kernel(at::TensorIteratorBase&)::{lambda()#2}::operator()(void) const::{lambda()#8}::operator()(void) const::{lambda(floatfloat)#1}&&, at::native::(anonymous namespace)::mul_kernel(at::TensorIteratorBase&)::{lambda()#2}::operator()(void) const::{lambda()#8}::operator()(void) const::{lambda(at::vec::(anonymous namespace)::Vectorized<float>at::vec::(anonymous namespace)::Vectorized<float>)#2}&&, long)::{lambda(char**long const*, long)#2}>(, signed char, at::native::(anonymous namespace)::cpu_kernel_vec<(bool)1, at::native::(anonymous namespace)::mul_kernel(at::TensorIteratorBase&)::{lambda()#2}::operator()(void) const::{lambda()#8}::operator()(void) const::{lambda(floatfloat)#1}, at::native::(anonymous namespace)::mul_kernel(at::TensorIteratorBase&)::{lambda()#2}::operator()(void) const::{lambda()#8}::operator()(void) const::{lambda(at::vec::(anonymous namespace)::Vectorized<float>at::vec::(anonymous namespace)::Vectorized<float>)#2}>(void, at::TensorIteratorBase&, at::native::(anonymous namespace)::mul_kernel(at::TensorIteratorBase&)::{lambda()#2}::operator()(void) const::{lambda()#8}::operator()(void) const::{lambda(floatfloat)#1}&&, at::native::(anonymous namespace)::mul_kernel(at::TensorIteratorBase&)::{lambda()#2}::operator()(void) const::{lambda()#8}::operator()(void) const::{lambda(at::vec::(anonymous namespace)::Vectorized<float>at::vec::(anonymous namespace)::Vectorized<float>)#2}&&, long)::{lambda(char**long const*, long)#2} const&)::{lambda(char**long const*, long, long)#1}>	173.015s	593,536,000,000	133,920,000,000	4.432	7.3%	1.6%	0.7%	14.7%	12.5%	14.0%	83.2%	100.0%	7.1%	0.0%	90.8%	5.5%	3.4 GHz	[Unknown]	c10::function_ref<void (char**, long const*, long, long)>::callback_fn<at::TensorIteratorBase::loop_2d_from_1d<at::native::(anonymous namespace)::cpu_kernel_vec<(bool)1, at::native::(anonymous namespace)::mul_kernel(at::TensorIteratorBase&)::{lambda()#2}::operator()(void) const::{lambda()#8}::operator()(void) const::{lambda(floatfloat)#1}, at::native::(anonymous namespace)::mul_kernel(at::TensorIteratorBase&)::{lambda()#2}::operator()(void) const::{lambda()#8}::operator()(void) const::{lambda(at::vec::(anonymous namespace)::Vectorized<float>at::vec::(anonymous namespace)::Vectorized<float>)#2}>(void, at::TensorIteratorBase&, at::native::(anonymous namespace)::mul_kernel(at::TensorIteratorBase&)::{lambda()#2}::operator()(void) const::{lambda()#8}::operator()(void) const::{lambda(floatfloat)#1}&&, at::native::(anonymous namespace)::mul_kernel(at::TensorIteratorBase&)::{lambda()#2}::operator()(void) const::{lambda()#8}::operator()(void) const::{lambda(at::vec::(anonymous namespace)::Vectorized<float>at::vec::(anonymous namespace)::Vectorized<float>)#2}&&, long)::{lambda(char**long const*, long)#2}>(, signed char, at::native::(anonymous namespace)::cpu_kernel_vec<(bool)1, at::native::(anonymous namespace)::mul_kernel(at::TensorIteratorBase&)::{lambda()#2}::operator()(void) const::{lambda()#8}::operator()(void) const::{lambda(floatfloat)#1}, at::native::(anonymous namespace)::mul_kernel(at::TensorIteratorBase&)::{lambda()#2}::operator()(void) const::{lambda()#8}::operator()(void) const::{lambda(at::vec::(anonymous namespace)::Vectorized<float>at::vec::(anonymous namespace)::Vectorized<float>)#2}>(void, at::TensorIteratorBase&, at::native::(anonymous namespace)::mul_kernel(at::TensorIteratorBase&)::{lambda()#2}::operator()(void) const::{lambda()#8}::operator()(void) const::{lambda(floatfloat)#1}&&, at::native::(anonymous namespace)::mul_kernel(at::TensorIteratorBase&)::{lambda()#2}::operator()(void) const::{lambda()#8}::operator()(void) const::{lambda(at::vec::(anonymous namespace)::Vectorized<float>at::vec::(anonymous namespace)::Vectorized<float>)#2}&&, long)::{lambda(char**long const*, long)#2} const&)::{lambda(char**long const*, long, long)#1}>(long, char**, long const*, long, long)	[Unknown]	0
c10::function_ref<void (char**, long const*, long, long)>::callback_fn<at::TensorIteratorBase::loop_2d_from_1d<at::native::(anonymous namespace)::cpu_index_kernel<float, at::native::(anonymous namespace)::index_kernel(at::TensorIterator&, c10::ArrayRef<long>, c10::ArrayRef<long>)::{lambda()#1}::operator()(void) const::{lambda()#8}::operator()(void) const::{lambda(char*char*, long)#1}>(void, at::TensorIterator&, c10::ArrayRef<long>, c10::ArrayRef<long>, at::native::(anonymous namespace)::index_kernel(at::TensorIterator&, c10::ArrayRef<long>, c10::ArrayRef<long>)::{lambda()#1}::operator()(void) const::{lambda()#8}::operator()(void) const::{lambda(char*char*, long)#1} const&, bool)::{lambda(char**long const*, long)#1}>(, signed char, at::native::(anonymous namespace)::cpu_index_kernel<float, at::native::(anonymous namespace)::index_kernel(at::TensorIterator&, c10::ArrayRef<long>, c10::ArrayRef<long>)::{lambda()#1}::operator()(void) const::{lambda()#8}::operator()(void) const::{lambda(char*char*, long)#1}>(void, at::TensorIterator&, c10::ArrayRef<long>, c10::ArrayRef<long>, at::native::(anonymous namespace)::index_kernel(at::TensorIterator&, c10::ArrayRef<long>, c10::ArrayRef<long>)::{lambda()#1}::operator()(void) const::{lambda()#8}::operator()(void) const::{lambda(char*char*, long)#1} const&, bool)::{lambda(char**long const*, long)#1} const&)::{lambda(char**long const*, long, long)#1}>	164.280s	561,408,000,000	198,528,000,000	2.828	7.2%	0.4%	0.0%	17.2%	19.4%	16.4%	90.9%	100.0%	0.0%	0.0%	93.7%	4.6%	3.4 GHz	[Unknown]	c10::function_ref<void (char**, long const*, long, long)>::callback_fn<at::TensorIteratorBase::loop_2d_from_1d<at::native::(anonymous namespace)::cpu_index_kernel<float, at::native::(anonymous namespace)::index_kernel(at::TensorIterator&, c10::ArrayRef<long>, c10::ArrayRef<long>)::{lambda()#1}::operator()(void) const::{lambda()#8}::operator()(void) const::{lambda(char*char*, long)#1}>(void, at::TensorIterator&, c10::ArrayRef<long>, c10::ArrayRef<long>, at::native::(anonymous namespace)::index_kernel(at::TensorIterator&, c10::ArrayRef<long>, c10::ArrayRef<long>)::{lambda()#1}::operator()(void) const::{lambda()#8}::operator()(void) const::{lambda(char*char*, long)#1} const&, bool)::{lambda(char**long const*, long)#1}>(, signed char, at::native::(anonymous namespace)::cpu_index_kernel<float, at::native::(anonymous namespace)::index_kernel(at::TensorIterator&, c10::ArrayRef<long>, c10::ArrayRef<long>)::{lambda()#1}::operator()(void) const::{lambda()#8}::operator()(void) const::{lambda(char*char*, long)#1}>(void, at::TensorIterator&, c10::ArrayRef<long>, c10::ArrayRef<long>, at::native::(anonymous namespace)::index_kernel(at::TensorIterator&, c10::ArrayRef<long>, c10::ArrayRef<long>)::{lambda()#1}::operator()(void) const::{lambda()#8}::operator()(void) const::{lambda(char*char*, long)#1} const&, bool)::{lambda(char**long const*, long)#1} const&)::{lambda(char**long const*, long, long)#1}>(long, char**, long const*, long, long)	[Unknown]	0
c10::function_ref<void (char**, long const*, long, long)>::callback_fn<at::TensorIteratorBase::loop_2d_from_1d<at::native::(anonymous namespace)::cpu_kernel<at::native::(anonymous namespace)::copy_kernel(at::TensorIterator&, bool)::{lambda()#11}::operator()(void) const::{lambda()#8}::operator()(void) const::{lambda()#1}::operator()(void) const::{lambda()#2}::operator()(void) const::{lambda(unsigned char)#1}>(void, at::TensorIteratorBase&, at::native::(anonymous namespace)::copy_kernel(at::TensorIterator&, bool)::{lambda()#11}::operator()(void) const::{lambda()#8}::operator()(void) const::{lambda()#1}::operator()(void) const::{lambda()#2}::operator()(void) const::{lambda(unsigned char)#1}&&, long)::{lambda(char**long const*, long)#1}>(, signed char, at::native::(anonymous namespace)::copy_kernel(at::TensorIterator&, bool)::{lambda()#11}::operator()(void) const::{lambda()#8}::operator()(void) const::{lambda()#1}::operator()(void) const::{lambda()#2}::operator()(void) const::{lambda(unsigned char)#1} const&)::{lambda(char**long const*, long, long)#1}>	142.525s	510,240,000,000	825,920,000,000	0.618	52.3%	3.2%	1.0%	1.0%	2.1%	1.2%	66.0%	0.0%	0.0%	0.0%	15.1%	20.3%	3.6 GHz	[Unknown]	c10::function_ref<void (char**, long const*, long, long)>::callback_fn<at::TensorIteratorBase::loop_2d_from_1d<at::native::(anonymous namespace)::cpu_kernel<at::native::(anonymous namespace)::copy_kernel(at::TensorIterator&, bool)::{lambda()#11}::operator()(void) const::{lambda()#8}::operator()(void) const::{lambda()#1}::operator()(void) const::{lambda()#2}::operator()(void) const::{lambda(unsigned char)#1}>(void, at::TensorIteratorBase&, at::native::(anonymous namespace)::copy_kernel(at::TensorIterator&, bool)::{lambda()#11}::operator()(void) const::{lambda()#8}::operator()(void) const::{lambda()#1}::operator()(void) const::{lambda()#2}::operator()(void) const::{lambda(unsigned char)#1}&&, long)::{lambda(char**long const*, long)#1}>(, signed char, at::native::(anonymous namespace)::copy_kernel(at::TensorIterator&, bool)::{lambda()#11}::operator()(void) const::{lambda()#8}::operator()(void) const::{lambda()#1}::operator()(void) const::{lambda()#2}::operator()(void) const::{lambda(unsigned char)#1} const&)::{lambda(char**long const*, long, long)#1}>(long, char**, long const*, long, long)	[Unknown]	0
c10::function_ref<void (char**, long const*, long, long)>::callback_fn<at::TensorIteratorBase::loop_2d_from_1d<at::native::(anonymous namespace)::cpu_kernel_vec<(bool)1, at::native::(anonymous namespace)::fill_kernel(at::TensorIterator&, c10::Scalar const&)::{lambda()#1}::operator()(void) const::{lambda()#8}::operator()(void) const::{lambda()#1}, at::native::(anonymous namespace)::fill_kernel(at::TensorIterator&, c10::Scalar const&)::{lambda()#1}::operator()(void) const::{lambda()#8}::operator()(void) const::{lambda()#2}>(void, at::TensorIteratorBase&, at::native::(anonymous namespace)::fill_kernel(at::TensorIterator&, c10::Scalar const&)::{lambda()#1}::operator()(void) const::{lambda()#8}::operator()(void) const::{lambda()#1}&&, at::native::(anonymous namespace)::fill_kernel(at::TensorIterator&, c10::Scalar const&)::{lambda()#1}::operator()(void) const::{lambda()#8}::operator()(void) const::{lambda()#2}&&, long)::{lambda(char**long const*, long)#2}>(, signed char, at::native::(anonymous namespace)::cpu_kernel_vec<(bool)1, at::native::(anonymous namespace)::fill_kernel(at::TensorIterator&, c10::Scalar const&)::{lambda()#1}::operator()(void) const::{lambda()#8}::operator()(void) const::{lambda()#1}, at::native::(anonymous namespace)::fill_kernel(at::TensorIterator&, c10::Scalar const&)::{lambda()#1}::operator()(void) const::{lambda()#8}::operator()(void) const::{lambda()#2}>(void, at::TensorIteratorBase&, at::native::(anonymous namespace)::fill_kernel(at::TensorIterator&, c10::Scalar const&)::{lambda()#1}::operator()(void) const::{lambda()#8}::operator()(void) const::{lambda()#1}&&, at::native::(anonymous namespace)::fill_kernel(at::TensorIterator&, c10::Scalar const&)::{lambda()#1}::operator()(void) const::{lambda()#8}::operator()(void) const::{lambda()#2}&&, long)::{lambda(char**long const*, long)#2} const&)::{lambda(char**long const*, long, long)#1}>	136.660s	496,848,000,000	121,232,000,000	4.098	4.9%	1.0%	0.6%	14.0%	0.1%	0.0%	10.4%	0.0%	0.0%	0.0%	95.7%	39.3%	3.6 GHz	[Unknown]	c10::function_ref<void (char**, long const*, long, long)>::callback_fn<at::TensorIteratorBase::loop_2d_from_1d<at::native::(anonymous namespace)::cpu_kernel_vec<(bool)1, at::native::(anonymous namespace)::fill_kernel(at::TensorIterator&, c10::Scalar const&)::{lambda()#1}::operator()(void) const::{lambda()#8}::operator()(void) const::{lambda()#1}, at::native::(anonymous namespace)::fill_kernel(at::TensorIterator&, c10::Scalar const&)::{lambda()#1}::operator()(void) const::{lambda()#8}::operator()(void) const::{lambda()#2}>(void, at::TensorIteratorBase&, at::native::(anonymous namespace)::fill_kernel(at::TensorIterator&, c10::Scalar const&)::{lambda()#1}::operator()(void) const::{lambda()#8}::operator()(void) const::{lambda()#1}&&, at::native::(anonymous namespace)::fill_kernel(at::TensorIterator&, c10::Scalar const&)::{lambda()#1}::operator()(void) const::{lambda()#8}::operator()(void) const::{lambda()#2}&&, long)::{lambda(char**long const*, long)#2}>(, signed char, at::native::(anonymous namespace)::cpu_kernel_vec<(bool)1, at::native::(anonymous namespace)::fill_kernel(at::TensorIterator&, c10::Scalar const&)::{lambda()#1}::operator()(void) const::{lambda()#8}::operator()(void) const::{lambda()#1}, at::native::(anonymous namespace)::fill_kernel(at::TensorIterator&, c10::Scalar const&)::{lambda()#1}::operator()(void) const::{lambda()#8}::operator()(void) const::{lambda()#2}>(void, at::TensorIteratorBase&, at::native::(anonymous namespace)::fill_kernel(at::TensorIterator&, c10::Scalar const&)::{lambda()#1}::operator()(void) const::{lambda()#8}::operator()(void) const::{lambda()#1}&&, at::native::(anonymous namespace)::fill_kernel(at::TensorIterator&, c10::Scalar const&)::{lambda()#1}::operator()(void) const::{lambda()#8}::operator()(void) const::{lambda()#2}&&, long)::{lambda(char**long const*, long)#2} const&)::{lambda(char**long const*, long, long)#1}>(long, char**, long const*, long, long)	[Unknown]	0
prepare_exit_to_usermode	132.910s	332,512,000,000	28,144,000,000	11.815	11.4%	16.7%	0.0%	2.1%	0.7%	0.3%	1.8%	0.0%	0.0%	0.0%	0.2%	58.4%	2.5 GHz	[Unknown]	prepare_exit_to_usermode	[Unknown]	0
page_fault	129.730s	343,824,000,000	26,544,000,000	12.953	12.3%	10.8%	10.0%	1.2%	0.3%	0.0%	26.9%	0.0%	0.0%	0.0%	6.6%	55.7%	2.7 GHz	[Unknown]	page_fault	[Unknown]	0
__GI___pthread_mutex_lock	116.855s	357,200,000,000	210,592,000,000	1.696	18.8%	46.0%	1.4%	49.3%	2.3%	9.1%	23.3%	1.4%	0.0%	0.0%	1.2%	5.3%	3.1 GHz	[Unknown]	__GI___pthread_mutex_lock	pthread_mutex_lock.c	0
__memmove_avx_unaligned_erms	101.845s	345,056,000,000	130,816,000,000	2.638	10.2%	17.3%	2.1%	27.7%	11.9%	18.6%	53.6%	0.0%	0.0%	0.0%	50.2%	8.2%	3.4 GHz	[Unknown]	__memmove_avx_unaligned_erms	memmove-vec-unaligned-erms.S	0
change_pte_range	96.930s	310,400,000,000	171,312,000,000	1.812	11.7%	1.3%	4.9%	0.0%	13.1%	0.0%	82.9%	100.0%	100.0%	5.7%	0.0%	6.5%	3.2 GHz	[Unknown]	change_pte_range	[Unknown]	0
func@0x15060	91.410s	211,296,000,000	733,536,000,000	0.288	86.7%	0.4%	0.0%	0.4%	0.2%	0.0%	7.0%	0.0%	0.0%	0.0%	0.0%	13.4%	2.3 GHz	[Unknown]	func@0x15060	[Unknown]	0
__pthread_mutex_unlock_usercnt	83.980s	287,456,000,000	236,736,000,000	1.214	23.3%	45.7%	0.0%	47.8%	1.4%	0.0%	21.1%	0.0%	0.0%	0.0%	1.3%	5.7%	3.4 GHz	[Unknown]	__pthread_mutex_unlock_usercnt	pthread_mutex_unlock.c	0
std::__fill_n_a<unsigned long long*, unsigned long, unsigned long long>	77.475s	269,680,000,000	250,192,000,000	1.078	30.4%	2.3%	1.5%	11.5%	0.0%	0.0%	2.1%	0.0%	0.0%	0.0%	27.6%	33.2%	3.5 GHz	[Unknown]	std::__fill_n_a<unsigned long long*, unsigned long, unsigned long long>(unsigned long long*, unsigned long, unsigned long long const&)	[Unknown]	0
func@0x4e0260	76.955s	268,192,000,000	1,106,016,000,000	0.242	72.7%	2.2%	8.2%	0.7%	0.0%	0.1%	1.2%	2.8%	0.0%	0.0%	0.0%	16.1%	3.5 GHz	[Unknown]	func@0x4e0260	[Unknown]	0
func@0x368860	74.675s	278,528,000,000	14,432,000,000	19.299	5.1%	0.5%	68.4%	0.7%	0.0%	0.0%	1.2%	0.0%	0.0%	0.0%	0.0%	22.1%	3.7 GHz	[Unknown]	func@0x368860	[Unknown]	0
_Py_DECREF	66.620s	183,968,000,000	142,832,000,000	1.288	20.6%	49.3%	7.0%	1.7%	5.7%	16.4%	21.5%	6.9%	0.0%	0.0%	0.6%	7.8%	2.8 GHz	[Unknown]	_Py_DECREF	object.h	0
__GI___clock_gettime	63.180s	230,976,000,000	589,248,000,000	0.392	65.4%	1.7%	0.0%	0.3%	0.6%	0.5%	1.7%	0.9%	0.0%	0.0%	0.0%	58.6%	3.7 GHz	[Unknown]	__GI___clock_gettime	clock_gettime.c	0
c10::function_ref<void (char**, long const*, long, long)>::callback_fn<at::TensorIteratorBase::loop_2d_from_1d<at::native::(anonymous namespace)::cpu_kernel_vec<(bool)1, at::native::(anonymous namespace)::add_kernel(at::TensorIteratorBase&, c10::Scalar const&)::{lambda()#2}::operator()(void) const::{lambda()#8}::operator()(void) const::{lambda(floatfloat)#1}, at::native::(anonymous namespace)::add_kernel(at::TensorIteratorBase&, c10::Scalar const&)::{lambda()#2}::operator()(void) const::{lambda()#8}::operator()(void) const::{lambda(at::vec::(anonymous namespace)::Vectorized<float>at::vec::(anonymous namespace)::Vectorized<float>)#2}>(void, at::TensorIteratorBase&, at::native::(anonymous namespace)::add_kernel(at::TensorIteratorBase&, c10::Scalar const&)::{lambda()#2}::operator()(void) const::{lambda()#8}::operator()(void) const::{lambda(floatfloat)#1}&&, at::native::(anonymous namespace)::add_kernel(at::TensorIteratorBase&, c10::Scalar const&)::{lambda()#2}::operator()(void) const::{lambda()#8}::operator()(void) const::{lambda(at::vec::(anonymous namespace)::Vectorized<float>at::vec::(anonymous namespace)::Vectorized<float>)#2}&&, long)::{lambda(char**long const*, long)#2}>(, signed char, at::native::(anonymous namespace)::cpu_kernel_vec<(bool)1, at::native::(anonymous namespace)::add_kernel(at::TensorIteratorBase&, c10::Scalar const&)::{lambda()#2}::operator()(void) const::{lambda()#8}::operator()(void) const::{lambda(floatfloat)#1}, at::native::(anonymous namespace)::add_kernel(at::TensorIteratorBase&, c10::Scalar const&)::{lambda()#2}::operator()(void) const::{lambda()#8}::operator()(void) const::{lambda(at::vec::(anonymous namespace)::Vectorized<float>at::vec::(anonymous namespace)::Vectorized<float>)#2}>(void, at::TensorIteratorBase&, at::native::(anonymous namespace)::add_kernel(at::TensorIteratorBase&, c10::Scalar const&)::{lambda()#2}::operator()(void) const::{lambda()#8}::operator()(void) const::{lambda(floatfloat)#1}&&, at::native::(anonymous namespace)::add_kernel(at::TensorIteratorBase&, c10::Scalar const&)::{lambda()#2}::operator()(void) const::{lambda()#8}::operator()(void) const::{lambda(at::vec::(anonymous namespace)::Vectorized<float>at::vec::(anonymous namespace)::Vectorized<float>)#2}&&, long)::{lambda(char**long const*, long)#2} const&)::{lambda(char**long const*, long, long)#1}>	59.670s	207,696,000,000	187,216,000,000	1.109	26.3%	2.9%	4.0%	2.5%	3.3%	29.0%	100.0%	100.0%	3.3%	0.0%	6.3%	23.1%	3.5 GHz	[Unknown]	c10::function_ref<void (char**, long const*, long, long)>::callback_fn<at::TensorIteratorBase::loop_2d_from_1d<at::native::(anonymous namespace)::cpu_kernel_vec<(bool)1, at::native::(anonymous namespace)::add_kernel(at::TensorIteratorBase&, c10::Scalar const&)::{lambda()#2}::operator()(void) const::{lambda()#8}::operator()(void) const::{lambda(floatfloat)#1}, at::native::(anonymous namespace)::add_kernel(at::TensorIteratorBase&, c10::Scalar const&)::{lambda()#2}::operator()(void) const::{lambda()#8}::operator()(void) const::{lambda(at::vec::(anonymous namespace)::Vectorized<float>at::vec::(anonymous namespace)::Vectorized<float>)#2}>(void, at::TensorIteratorBase&, at::native::(anonymous namespace)::add_kernel(at::TensorIteratorBase&, c10::Scalar const&)::{lambda()#2}::operator()(void) const::{lambda()#8}::operator()(void) const::{lambda(floatfloat)#1}&&, at::native::(anonymous namespace)::add_kernel(at::TensorIteratorBase&, c10::Scalar const&)::{lambda()#2}::operator()(void) const::{lambda()#8}::operator()(void) const::{lambda(at::vec::(anonymous namespace)::Vectorized<float>at::vec::(anonymous namespace)::Vectorized<float>)#2}&&, long)::{lambda(char**long const*, long)#2}>(, signed char, at::native::(anonymous namespace)::cpu_kernel_vec<(bool)1, at::native::(anonymous namespace)::add_kernel(at::TensorIteratorBase&, c10::Scalar const&)::{lambda()#2}::operator()(void) const::{lambda()#8}::operator()(void) const::{lambda(floatfloat)#1}, at::native::(anonymous namespace)::add_kernel(at::TensorIteratorBase&, c10::Scalar const&)::{lambda()#2}::operator()(void) const::{lambda()#8}::operator()(void) const::{lambda(at::vec::(anonymous namespace)::Vectorized<float>at::vec::(anonymous namespace)::Vectorized<float>)#2}>(void, at::TensorIteratorBase&, at::native::(anonymous namespace)::add_kernel(at::TensorIteratorBase&, c10::Scalar const&)::{lambda()#2}::operator()(void) const::{lambda()#8}::operator()(void) const::{lambda(floatfloat)#1}&&, at::native::(anonymous namespace)::add_kernel(at::TensorIteratorBase&, c10::Scalar const&)::{lambda()#2}::operator()(void) const::{lambda()#8}::operator()(void) const::{lambda(at::vec::(anonymous namespace)::Vectorized<float>at::vec::(anonymous namespace)::Vectorized<float>)#2}&&, long)::{lambda(char**long const*, long)#2} const&)::{lambda(char**long const*, long, long)#1}>(long, char**, long const*, long, long)	[Unknown]	0
_int_malloc	59.120s	187,328,000,000	130,240,000,000	1.438	15.3%	45.5%	9.3%	10.4%	1.1%	18.5%	24.2%	22.5%	0.0%	6.4%	6.0%	8.7%	3.2 GHz	[Unknown]	_int_malloc	malloc.c	0
func@0x320870	56.415s	180,976,000,000	17,632,000,000	10.264	3.9%	17.9%	1.9%	73.9%	1.9%	0.0%	25.0%	0.0%	0.0%	0.0%	1.6%	3.7%	3.2 GHz	[Unknown]	func@0x320870	[Unknown]	0
ImagingPackRGB	55.715s	182,736,000,000	744,944,000,000	0.245	87.0%	6.0%	3.8%	2.0%	0.0%	0.9%	35.8%	0.0%	0.0%	0.0%	2.6%	0.0%	3.3 GHz	[Unknown]	ImagingPackRGB	[Unknown]	0
_int_free	55.270s	179,808,000,000	219,728,000,000	0.818	35.8%	52.7%	5.8%	7.4%	4.3%	8.7%	15.9%	2.7%	0.0%	2.7%	0.3%	2.9%	3.3 GHz	[Unknown]	_int_free	malloc.c	0
__tls_get_addr	53.945s	161,952,000,000	168,256,000,000	0.963	23.2%	58.3%	9.6%	11.7%	1.2%	12.1%	19.0%	0.0%	0.0%	0.0%	0.6%	4.7%	3.0 GHz	[Unknown]	__tls_get_addr	tls_get_addr.S	0
_PyType_Lookup	52.680s	149,424,000,000	96,368,000,000	1.551	16.4%	44.2%	12.4%	4.5%	5.8%	30.0%	31.2%	56.7%	4.4%	0.0%	3.4%	8.6%	2.8 GHz	[Unknown]	_PyType_Lookup	typeobject.c	0
_dl_update_slotinfo	51.225s	185,280,000,000	256,880,000,000	0.721	37.2%	43.6%	14.3%	1.2%	1.8%	7.7%	12.2%	0.0%	0.0%	0.0%	6.2%	2.7%	3.6 GHz	[Unknown]	_dl_update_slotinfo	dl-tls.c	0
func@0x16219	48.810s	113,216,000,000	133,840,000,000	0.846	24.3%	16.8%	57.8%	4.8%	0.2%	0.0%	7.1%	0.0%	0.0%	0.0%	0.0%	0.9%	2.3 GHz	[Unknown]	func@0x16219	[Unknown]	0
swapgs_restore_regs_and_return_to_usermode	48.210s	113,536,000,000	21,584,000,000	5.260	12.4%	20.1%	5.7%	5.1%	0.0%	1.0%	0.9%	0.0%	0.0%	0.0%	0.0%	55.6%	2.4 GHz	[Unknown]	swapgs_restore_regs_and_return_to_usermode	[Unknown]	0
mem_cgroup_try_charge	48.170s	127,792,000,000	24,512,000,000	5.213	6.3%	0.2%	0.0%	4.3%	0.2%	0.0%	0.2%	0.0%	0.0%	0.0%	91.0%	48.6%	2.7 GHz	[Unknown]	mem_cgroup_try_charge	[Unknown]	0
c10::cuda::CUDACachingAllocator::DeviceCachingAllocator::malloc	45.570s	128,608,000,000	61,856,000,000	2.079	16.8%	69.9%	6.0%	13.5%	2.8%	25.0%	21.5%	11.5%	0.0%	0.0%	0.3%	1.6%	2.8 GHz	[Unknown]	c10::cuda::CUDACachingAllocator::DeviceCachingAllocator::malloc(int, unsigned long, CUstream_st*)	[Unknown]	0
__GI___libc_malloc	45.040s	147,872,000,000	112,720,000,000	1.312	19.9%	54.9%	6.6%	30.4%	0.0%	11.7%	12.3%	1.7%	0.0%	0.0%	12.0%	3.4%	3.3 GHz	[Unknown]	__GI___libc_malloc	malloc.c	0
__GI___pthread_once	44.575s	144,736,000,000	306,752,000,000	0.472	63.5%	28.0%	0.0%	3.8%	2.0%	8.2%	11.2%	1.9%	0.0%	0.0%	0.1%	19.4%	3.2 GHz	[Unknown]	__GI___pthread_once	pthread_once.c	0
error_entry	44.190s	114,752,000,000	17,904,000,000	6.409	14.2%	9.4%	3.8%	0.0%	0.0%	0.0%	2.4%	0.0%	0.0%	0.0%	0.0%	72.5%	2.6 GHz	[Unknown]	error_entry	[Unknown]	0
func@0x24dfd0	42.860s	124,032,000,000	74,128,000,000	1.673	15.6%	84.3%	6.4%	15.2%	4.5%	21.2%	26.1%	2.2%	0.0%	0.0%	3.0%	0.0%	2.9 GHz	[Unknown]	func@0x24dfd0	[Unknown]	0
zap_pte_range.isra.0	41.640s	122,016,000,000	101,664,000,000	1.200	23.6%	9.5%	0.0%	11.7%	0.0%	3.9%	6.8%	84.6%	32.7%	0.0%	0.3%	0.0%	2.9 GHz	[Unknown]	zap_pte_range.isra.0	[Unknown]	0
func@0x1976c0	39.640s	139,664,000,000	570,192,000,000	0.245	63.0%	4.3%	0.0%	1.7%	0.0%	0.0%	2.5%	0.0%	0.0%	0.0%	0.1%	34.1%	3.5 GHz	[Unknown]	func@0x1976c0	[Unknown]	0
__handle_mm_fault	39.585s	99,632,000,000	146,176,000,000	0.682	49.3%	37.6%	7.3%	13.2%	0.6%	3.6%	1.8%	0.0%	0.0%	0.0%	0.2%	3.3%	2.5 GHz	[Unknown]	__handle_mm_fault	[Unknown]	0
rmqueue	39.320s	105,360,000,000	105,968,000,000	0.994	28.9%	6.9%	0.0%	13.1%	0.0%	2.5%	22.9%	100.0%	0.0%	0.0%	57.0%	12.5%	2.7 GHz	[Unknown]	rmqueue	[Unknown]	0
pymalloc_alloc	37.085s	119,536,000,000	70,944,000,000	1.685	14.5%	49.8%	14.0%	0.0%	5.6%	16.4%	16.6%	3.1%	4.8%	0.0%	3.8%	8.8%	3.2 GHz	[Unknown]	pymalloc_alloc	obmalloc.c	0
rleFrPoly	35.935s	123,520,000,000	161,472,000,000	0.765	40.0%	21.6%	18.4%	9.3%	0.2%	0.0%	0.5%	0.0%	0.0%	0.0%	4.6%	12.1%	3.4 GHz	[Unknown]	rleFrPoly	maskApi.c	0
ImagingFlipLeftRight	34.825s	125,408,000,000	528,096,000,000	0.237	100.0%	5.1%	1.5%	2.2%	0.8%	0.5%	27.6%	0.0%	0.0%	0.0%	1.3%	0.0%	3.6 GHz	[Unknown]	ImagingFlipLeftRight	[Unknown]	0
update_get_addr	33.320s	108,368,000,000	183,408,000,000	0.591	37.8%	43.3%	5.3%	3.5%	0.7%	8.8%	14.6%	0.0%	0.0%	0.0%	1.6%	5.4%	3.3 GHz	[Unknown]	update_get_addr	dl-tls.c	0
do_syscall_64	32.925s	70,128,000,000	10,640,000,000	6.591	7.4%	18.2%	0.0%	5.0%	2.6%	3.4%	6.3%	0.0%	6.4%	0.0%	0.9%	49.5%	2.1 GHz	[Unknown]	do_syscall_64	[Unknown]	0
nms_cuda	32.500s	119,248,000,000	175,840,000,000	0.678	46.3%	3.9%	7.6%	1.8%	2.7%	0.0%	65.7%	100.0%	0.0%	0.0%	0.2%	14.5%	3.7 GHz	[Unknown]	nms_cuda(at::Tensor, float)	[Unknown]	0
c10::cuda::CUDACachingAllocator::(anonymous namespace)::BlockComparator	32.450s	91,296,000,000	39,840,000,000	2.292	12.9%	53.0%	10.5%	16.5%	0.7%	37.5%	35.6%	0.0%	0.0%	0.0%	0.2%	6.3%	2.8 GHz	[Unknown]	c10::cuda::CUDACachingAllocator::(anonymous namespace)::BlockComparator(c10::cuda::CUDACachingAllocator::(anonymous namespace)::Block const*, c10::cuda::CUDACachingAllocator::(anonymous namespace)::Block const*)	[Unknown]	0
_Py_INCREF	32.030s	95,328,000,000	43,488,000,000	2.192	12.1%	42.0%	14.7%	6.5%	0.0%	27.2%	17.5%	65.0%	0.0%	3.5%	5.4%	2.9%	3.0 GHz	[Unknown]	_Py_INCREF	object.h	0
func@0x13fb0	31.645s	71,104,000,000	142,416,000,000	0.499	45.9%	4.7%	27.8%	2.0%	0.0%	0.0%	7.6%	0.0%	0.0%	0.0%	0.6%	20.0%	2.2 GHz	[Unknown]	func@0x13fb0	[Unknown]	0
PyType_IsSubtype	30.765s	94,912,000,000	55,792,000,000	1.701	14.2%	59.3%	6.7%	7.9%	3.2%	27.0%	21.3%	4.1%	0.0%	0.0%	2.3%	4.8%	3.1 GHz	[Unknown]	PyType_IsSubtype	typeobject.c	0
tcache_get	30.295s	93,728,000,000	65,376,000,000	1.434	19.7%	69.5%	6.3%	8.1%	12.8%	18.7%	13.9%	0.0%	0.0%	0.0%	4.6%	1.5%	3.1 GHz	[Unknown]	tcache_get	malloc.c	0
func@0x4811f0	30.050s	87,696,000,000	108,928,000,000	0.805	41.3%	47.8%	0.0%	3.8%	0.0%	7.9%	18.6%	0.0%	0.0%	0.0%	16.7%	4.3%	2.9 GHz	[Unknown]	func@0x4811f0	[Unknown]	0
__memset_avx2_erms	29.545s	80,448,000,000	0		5.4%	0.9%	0.0%	0.0%	0.0%	0.0%	2.4%	0.0%	0.0%	0.0%	88.7%	50.8%	2.7 GHz	[Unknown]	__memset_avx2_erms	memset-vec-unaligned-erms.S	0
filemap_map_pages	29.030s	107,504,000,000	43,008,000,000	2.500	10.8%	2.6%	5.3%	4.6%	1.7%	0.2%	54.1%	78.6%	100.0%	0.0%	0.0%	19.7%	3.7 GHz	[Unknown]	filemap_map_pages	[Unknown]	0
__GI_	28.340s	93,472,000,000	46,016,000,000	2.031	11.8%	53.9%	19.6%	16.5%	4.0%	15.2%	18.5%	11.6%	4.4%	2.8%	0.4%	4.8%	3.3 GHz	[Unknown]	__GI_(long, int, bool, char)	malloc.c	0
func@0x16c2b0	27.510s	82,896,000,000	40,320,000,000	2.056	8.9%	57.9%	10.8%	22.4%	8.8%	23.2%	29.7%	0.0%	0.0%	0.0%	0.0%	0.6%	3.0 GHz	[Unknown]	func@0x16c2b0	[Unknown]	0
c10::intrusive_ptr<c10::TensorImpl, c10::UndefinedTensorImpl>::reset_	27.410s	86,816,000,000	77,472,000,000	1.121	27.8%	78.9%	0.0%	22.3%	0.5%	3.4%	10.0%	0.0%	0.0%	0.0%	0.7%	0.0%	3.2 GHz	[Unknown]	c10::intrusive_ptr<c10::TensorImpl, c10::UndefinedTensorImpl>::reset_(void)	[Unknown]	0
func@0x40f6a0	26.680s	97,984,000,000	528,000,000	185.576	0.2%	4.4%	1.5%	93.7%	0.0%	91.3%	50.9%	0.0%	0.0%	0.0%	0.0%	0.0%	3.7 GHz	[Unknown]	func@0x40f6a0	[Unknown]	0
ImagingUnpackRGB	26.240s	54,336,000,000	224,016,000,000	0.243	95.1%	5.9%	0.0%	4.8%	0.0%	0.0%	8.5%	0.0%	0.0%	0.0%	0.0%	0.0%	2.1 GHz	[Unknown]	ImagingUnpackRGB	[Unknown]	0
get_mem_cgroup_from_mm	26.140s	71,344,000,000	13,216,000,000	5.398	7.2%	0.6%	0.4%	59.0%	6.1%	1.9%	0.6%	0.0%	0.0%	0.0%	88.7%	8.3%	2.7 GHz	[Unknown]	get_mem_cgroup_from_mm	[Unknown]	0
lookdict_unicode_nodummy	25.110s	74,272,000,000	50,192,000,000	1.480	13.2%	39.5%	15.4%	3.5%	6.6%	23.5%	20.5%	24.3%	0.0%	0.0%	4.5%	1.4%	3.0 GHz	[Unknown]	lookdict_unicode_nodummy	dictobject.c	0
at::TensorIteratorBase::compute_types	24.970s	84,208,000,000	57,904,000,000	1.454	18.1%	78.0%	0.0%	14.1%	0.0%	0.0%	9.4%	0.0%	0.0%	0.0%	0.0%	1.3%	3.4 GHz	[Unknown]	at::TensorIteratorBase::compute_types(at::TensorIteratorConfig const&)	[Unknown]	0
free_pcppages_bulk	24.930s	77,600,000,000	80,768,000,000	0.961	24.5%	2.2%	1.4%	0.0%	4.6%	2.5%	12.5%	66.4%	100.0%	0.0%	1.0%	12.7%	3.1 GHz	[Unknown]	free_pcppages_bulk	[Unknown]	0
torch::FunctionSignature::parse	24.390s	81,712,000,000	33,856,000,000	2.414	10.3%	67.5%	7.5%	2.7%	5.1%	27.9%	20.1%	0.0%	0.0%	0.0%	0.2%	4.5%	3.4 GHz	[Unknown]	torch::FunctionSignature::parse(_object*, _object*, _object*, _object**, bool)	[Unknown]	0
release_pages	23.485s	64,992,000,000	90,048,000,000	0.722	37.3%	19.9%	4.3%	22.2%	3.6%	0.0%	1.2%	0.0%	0.0%	0.0%	0.9%	16.2%	2.8 GHz	[Unknown]	release_pages	[Unknown]	0
try_charge	23.390s	67,344,000,000	26,448,000,000	2.546	12.6%	0.7%	0.0%	17.4%	0.3%	0.6%	0.0%	0.0%	0.0%	0.0%	71.2%	37.0%	2.9 GHz	[Unknown]	try_charge	[Unknown]	0
__memset_avx2_unaligned_erms	23.210s	63,744,000,000	55,648,000,000	1.145	20.6%	58.0%	17.6%	0.9%	5.6%	0.0%	13.0%	0.0%	0.0%	0.0%	1.5%	1.4%	2.7 GHz	[Unknown]	__memset_avx2_unaligned_erms	memset-vec-unaligned-erms.S	0
handle_mm_fault	22.975s	57,424,000,000	62,544,000,000	0.918	39.3%	13.0%	0.0%	33.2%	3.1%	1.4%	1.0%	0.0%	0.0%	0.0%	0.0%	11.7%	2.5 GHz	[Unknown]	handle_mm_fault	[Unknown]	0
func@0x267150	22.020s	60,896,000,000	53,808,000,000	1.132	32.3%	61.1%	0.0%	14.3%	0.0%	11.3%	21.3%	0.0%	0.0%	0.0%	17.2%	4.3%	2.8 GHz	[Unknown]	func@0x267150	[Unknown]	0
malloc_consolidate	21.485s	71,248,000,000	35,344,000,000	2.016	12.6%	21.7%	11.0%	8.3%	8.0%	22.7%	22.8%	21.4%	6.7%	4.3%	0.6%	10.8%	3.3 GHz	[Unknown]	malloc_consolidate	malloc.c	0
func@0x16210	20.890s	40,688,000,000	66,880,000,000	0.608	31.0%	3.6%	41.6%	8.9%	0.0%	0.0%	8.4%	0.0%	0.0%	0.0%	0.0%	18.5%	1.9 GHz	[Unknown]	func@0x16210	[Unknown]	0
__pagevec_lru_add_fn	20.490s	45,504,000,000	70,736,000,000	0.643	43.1%	42.9%	4.8%	24.3%	0.0%	0.0%	0.9%	0.0%	0.0%	0.0%	0.0%	2.9%	2.2 GHz	[Unknown]	__pagevec_lru_add_fn	[Unknown]	0
PyDict_GetItemWithError	20.305s	48,752,000,000	27,344,000,000	1.783	16.2%	44.7%	8.4%	9.6%	0.0%	32.9%	23.6%	20.8%	0.0%	0.0%	7.0%	5.8%	2.4 GHz	[Unknown]	PyDict_GetItemWithError	dictobject.c	0
func@0x15f5d0	19.505s	59,808,000,000	87,376,000,000	0.684	42.7%	39.2%	0.0%	14.2%	0.0%	21.4%	40.9%	0.0%	0.0%	0.0%	0.0%	6.6%	3.1 GHz	[Unknown]	func@0x15f5d0	[Unknown]	0
func@0x305760	19.385s	59,904,000,000	19,952,000,000	3.002	16.2%	57.5%	0.0%	8.6%	1.0%	25.8%	28.7%	14.7%	0.0%	0.0%	2.6%	7.4%	3.1 GHz	[Unknown]	func@0x305760	[Unknown]	0
PyObject_GetAttr	19.255s	54,560,000,000	24,288,000,000	2.246	11.2%	32.0%	16.4%	3.7%	10.5%	28.6%	27.7%	27.1%	0.0%	0.0%	3.0%	8.5%	2.8 GHz	[Unknown]	PyObject_GetAttr	object.c	0
c10::cuda::CUDACachingAllocator::THCCachingAllocator::malloc	19.250s	55,552,000,000	19,360,000,000	2.869	11.5%	37.0%	10.4%	22.7%	0.0%	31.6%	26.3%	5.7%	0.0%	0.0%	0.0%	3.7%	2.9 GHz	[Unknown]	c10::cuda::CUDACachingAllocator::THCCachingAllocator::malloc(void**, int, unsigned long, CUstream_st*)	[Unknown]	0
mem_cgroup_throttle_swaprate	19.205s	57,328,000,000	21,488,000,000	2.668	7.0%	11.0%	13.3%	6.3%	0.0%	0.7%	0.3%	0.0%	0.0%	0.0%	70.2%	31.5%	3.0 GHz	[Unknown]	mem_cgroup_throttle_swaprate	[Unknown]	0
_PyObject_GetMethod	18.390s	48,864,000,000	28,336,000,000	1.724	16.6%	37.9%	17.4%	3.6%	0.7%	26.6%	33.3%	18.5%	0.0%	0.0%	2.9%	8.8%	2.7 GHz	[Unknown]	_PyObject_GetMethod	object.c	0
__mod_lruvec_state	17.985s	46,704,000,000	73,408,000,000	0.636	53.9%	20.5%	23.0%	7.6%	1.3%	1.3%	3.0%	4.8%	0.0%	0.0%	0.0%	1.6%	2.6 GHz	[Unknown]	__mod_lruvec_state	[Unknown]	0
func@0x2a38b0	17.960s	59,120,000,000	66,992,000,000	0.882	26.5%	52.6%	0.0%	10.7%	0.7%	14.0%	21.0%	0.0%	0.0%	0.0%	0.0%	10.0%	3.3 GHz	[Unknown]	func@0x2a38b0	[Unknown]	0
c10::TensorImpl::~TensorImpl	17.135s	55,296,000,000	34,672,000,000	1.595	16.3%	65.1%	0.4%	22.1%	3.9%	10.0%	15.3%	0.0%	0.0%	0.0%	0.0%	2.6%	3.2 GHz	[Unknown]	c10::TensorImpl::~TensorImpl(void)	[Unknown]	0
at::TensorIteratorBase::fast_set_up	16.730s	56,064,000,000	34,656,000,000	1.618	15.2%	78.7%	3.9%	16.2%	4.3%	7.1%	12.7%	0.0%	0.0%	0.0%	0.0%	0.4%	3.4 GHz	[Unknown]	at::TensorIteratorBase::fast_set_up(at::TensorIteratorConfig const&)	[Unknown]	0
__memcmp_avx2_movbe	16.595s	56,176,000,000	31,120,000,000	1.805	9.2%	66.0%	6.0%	11.6%	4.5%	11.3%	13.3%	26.9%	0.0%	0.0%	0.0%	5.4%	3.4 GHz	[Unknown]	__memcmp_avx2_movbe	memcmp-avx2-movbe.S	0
func@0x2f7d0	16.585s	53,168,000,000	12,656,000,000	4.201	3.4%	61.0%	9.9%	5.9%	3.3%	50.5%	23.0%	12.7%	29.7%	0.0%	0.0%	4.8%	3.2 GHz	[Unknown]	func@0x2f7d0	[Unknown]	0
func@0x227c20	16.425s	44,784,000,000	34,032,000,000	1.316	21.8%	71.7%	9.8%	0.0%	2.7%	18.6%	33.9%	41.5%	0.0%	0.0%	1.3%	0.0%	2.7 GHz	[Unknown]	func@0x227c20	[Unknown]	0
unlink_chunk	16.225s	52,064,000,000	16,192,000,000	3.215	7.2%	34.3%	22.0%	10.9%	8.4%	15.2%	28.5%	65.8%	0.0%	0.0%	6.1%	3.2%	3.2 GHz	[Unknown]	unlink_chunk	malloc.c	0
_PyObject_GenericGetAttrWithDict	16.010s	44,272,000,000	35,888,000,000	1.234	16.2%	36.2%	12.0%	0.0%	0.0%	27.8%	17.9%	32.4%	0.0%	0.0%	0.9%	16.2%	2.8 GHz	[Unknown]	_PyObject_GenericGetAttrWithDict	object.c	0
_raw_spin_lock	15.815s	41,952,000,000	61,168,000,000	0.686	34.8%	36.9%	0.0%	15.4%	0.0%	13.7%	7.5%	0.0%	0.0%	0.0%	12.8%	14.9%	2.7 GHz	[Unknown]	_raw_spin_lock	[Unknown]	0
__mod_node_page_state	15.765s	34,256,000,000	84,784,000,000	0.404	64.1%	28.0%	11.5%	13.3%	0.0%	4.0%	2.9%	0.0%	0.0%	0.0%	0.0%	0.0%	2.2 GHz	[Unknown]	__mod_node_page_state	[Unknown]	0
_PyFunction_Vectorcall	15.435s	40,992,000,000	20,400,000,000	2.009	15.8%	48.3%	2.5%	0.0%	0.0%	19.7%	25.8%	0.0%	0.0%	0.0%	15.6%	12.9%	2.7 GHz	[Unknown]	_PyFunction_Vectorcall	call.c	0
func@0x4839c0	15.350s	47,936,000,000	36,960,000,000	1.297	17.1%	83.3%	0.0%	5.0%	11.1%	11.5%	23.0%	0.0%	6.4%	0.0%	0.0%	0.4%	3.1 GHz	[Unknown]	func@0x4839c0	[Unknown]	0
torch::autograd::Engine::evaluate_function	14.955s	36,096,000,000	15,136,000,000	2.385	12.5%	71.6%	6.7%	23.4%	0.0%	10.7%	36.4%	26.2%	13.6%	17.5%	1.1%	0.7%	2.4 GHz	[Unknown]	torch::autograd::Engine::evaluate_function(std::shared_ptr<torch::autograd::GraphTask>&, torch::autograd::Node*, torch::autograd::InputBuffer&, std::shared_ptr<torch::autograd::ReadyQueue> const&)	[Unknown]	0
mem_cgroup_try_charge_delay	14.665s	39,984,000,000	11,984,000,000	3.336	11.4%	2.8%	0.0%	8.9%	0.0%	0.0%	0.0%	0.0%	0.0%	0.0%	88.4%	39.5%	2.7 GHz	[Unknown]	mem_cgroup_try_charge_delay	[Unknown]	0
at::TensorIteratorBase::build	14.650s	44,016,000,000	41,648,000,000	1.057	20.4%	68.8%	2.5%	4.5%	0.0%	7.6%	21.9%	6.0%	0.0%	0.0%	0.0%	4.9%	3.0 GHz	[Unknown]	at::TensorIteratorBase::build(at::TensorIteratorConfig&)	[Unknown]	0
__mod_memcg_state	14.515s	40,976,000,000	67,184,000,000	0.610	38.8%	27.7%	21.8%	13.0%	2.9%	1.0%	1.9%	0.0%	0.0%	0.0%	0.0%	3.7%	2.8 GHz	[Unknown]	__mod_memcg_state	[Unknown]	0
shmem_getpage_gfp	14.465s	30,208,000,000	29,376,000,000	1.028	25.8%	31.8%	20.6%	11.0%	2.0%	0.0%	0.0%	0.0%	0.0%	0.0%	9.0%	11.8%	2.1 GHz	[Unknown]	shmem_getpage_gfp	[Unknown]	0
c10::cuda::CUDACachingAllocator::raw_delete	14.400s	48,496,000,000	17,504,000,000	2.771	19.5%	70.6%	1.9%	16.3%	2.8%	27.8%	25.6%	0.0%	0.0%	0.0%	0.4%	2.0%	3.4 GHz	[Unknown]	c10::cuda::CUDACachingAllocator::raw_delete(void*)	[Unknown]	0
func@0x11d6b0	14.120s	43,968,000,000	36,496,000,000	1.205	24.2%	80.0%	0.0%	0.0%	0.0%	34.1%	42.6%	0.0%	0.0%	0.0%	0.0%	0.0%	3.1 GHz	[Unknown]	func@0x11d6b0	[Unknown]	0
entry_SYSCALL_64	14.065s	27,376,000,000	1,760,000,000	15.555	4.7%	19.5%	12.0%	0.0%	5.1%	0.0%	11.0%	0.0%	0.0%	0.0%	1.5%	51.3%	1.9 GHz	[Unknown]	entry_SYSCALL_64	[Unknown]	0
THPVariable_subclass_dealloc	13.935s	42,880,000,000	23,152,000,000	1.852	8.1%	68.5%	10.0%	2.7%	2.3%	20.8%	17.0%	5.9%	0.0%	0.0%	0.5%	7.3%	3.1 GHz	[Unknown]	THPVariable_subclass_dealloc(_object*)	[Unknown]	0
address_in_range	13.910s	42,112,000,000	31,344,000,000	1.344	14.3%	63.3%	21.0%	0.0%	11.3%	29.7%	13.6%	0.0%	0.0%	0.0%	0.5%	0.5%	3.0 GHz	[Unknown]	address_in_range	obmalloc.c	0
_PyFrame_New_NoTrack	13.805s	35,232,000,000	22,160,000,000	1.590	17.9%	31.0%	9.9%	21.2%	0.0%	19.1%	20.3%	38.3%	12.0%	7.6%	33.8%	4.3%	2.6 GHz	[Unknown]	_PyFrame_New_NoTrack	frameobject.c	0
xas_load	13.620s	36,288,000,000	63,408,000,000	0.572	45.7%	34.4%	14.3%	10.5%	0.1%	0.0%	1.1%	29.8%	0.0%	0.0%	0.5%	3.3%	2.7 GHz	[Unknown]	xas_load	[Unknown]	0
operator new	13.560s	41,904,000,000	21,024,000,000	1.993	12.0%	76.2%	6.3%	13.7%	3.3%	0.0%	20.2%	0.0%	0.0%	0.0%	2.4%	1.5%	3.1 GHz	[Unknown]	operator new(unsigned long)	[Unknown]	0
func@0x11ec90	13.475s	33,488,000,000	20,944,000,000	1.599	22.6%	85.7%	0.0%	17.1%	0.0%	23.6%	42.4%	9.8%	0.0%	0.0%	0.6%	0.0%	2.5 GHz	[Unknown]	func@0x11ec90	[Unknown]	0
__GI___pthread_getspecific	13.350s	39,456,000,000	29,824,000,000	1.323	21.3%	72.2%	9.0%	14.0%	0.0%	15.0%	24.0%	0.0%	0.0%	0.0%	1.0%	0.0%	3.0 GHz	[Unknown]	__GI___pthread_getspecific	pthread_getspecific.c	0
func@0xd5890	13.105s	41,104,000,000	229,392,000,000	0.179	100.0%	0.0%	0.0%	2.4%	0.5%	0.0%	0.5%	0.0%	0.0%	0.0%	0.0%	95.2%	3.1 GHz	[Unknown]	func@0xd5890	[Unknown]	0
frame_dealloc	12.800s	26,624,000,000	26,512,000,000	1.004	27.0%	54.3%	15.0%	0.0%	3.6%	9.0%	25.3%	12.3%	19.0%	0.0%	0.0%	0.9%	2.1 GHz	[Unknown]	frame_dealloc	frameobject.c	0
func@0x3afdb0	12.760s	38,848,000,000	8,448,000,000	4.598	4.7%	17.0%	8.2%	0.0%	7.1%	41.6%	34.6%	14.4%	0.0%	0.0%	0.5%	30.4%	3.0 GHz	[Unknown]	func@0x3afdb0	[Unknown]	0
torch::autograd::DifferentiableViewMeta::DifferentiableViewMeta	12.735s	41,984,000,000	27,408,000,000	1.532	15.1%	53.6%	5.2%	42.0%	1.9%	8.1%	12.7%	0.0%	0.0%	0.0%	17.9%	1.8%	3.3 GHz	[Unknown]	torch::autograd::DifferentiableViewMeta::DifferentiableViewMeta(c10::TensorImpl*, c10::optional<torch::autograd::ViewInfo>, c10::optional<torch::autograd::ViewInfo>, bool, torch::autograd::CreationMeta)	[Unknown]	0
c10::cuda::CUDACachingAllocator::DeviceCachingAllocator::free_block	12.665s	44,448,000,000	24,928,000,000	1.783	14.5%	79.6%	9.3%	23.5%	2.2%	17.7%	32.8%	0.0%	0.0%	7.2%	0.0%	0.0%	3.5 GHz	[Unknown]	c10::cuda::CUDACachingAllocator::DeviceCachingAllocator::free_block(c10::cuda::CUDACachingAllocator::(anonymous namespace)::Block*)	[Unknown]	0
c10::cuda::CUDACachingAllocator::(anonymous namespace)::update_stat	12.600s	38,400,000,000	31,328,000,000	1.226	22.5%	75.6%	8.4%	4.6%	4.6%	11.8%	28.7%	0.0%	0.0%	0.0%	1.5%	0.0%	3.0 GHz	[Unknown]	c10::cuda::CUDACachingAllocator::(anonymous namespace)::update_stat(c10::cuda::CUDACachingAllocator::Stat&, long)	[Unknown]	0
lookdict_unicode	12.435s	43,600,000,000	14,432,000,000	3.021	8.0%	39.3%	10.1%	7.2%	0.0%	23.5%	14.6%	13.4%	0.0%	0.0%	0.5%	4.7%	3.5 GHz	[Unknown]	lookdict_unicode	dictobject.c	0
at::TensorIteratorBase::populate_operands	12.355s	40,608,000,000	39,984,000,000	1.016	27.2%	71.8%	1.8%	3.4%	2.5%	9.7%	11.7%	0.0%	0.0%	0.0%	2.4%	0.0%	3.3 GHz	[Unknown]	at::TensorIteratorBase::populate_operands(at::TensorIteratorConfig&)	[Unknown]	0
c10::TensorImpl::_fw_grad	12.315s	41,376,000,000	14,256,000,000	2.902	8.5%	83.7%	11.4%	27.7%	3.4%	22.9%	19.1%	0.0%	0.0%	0.0%	0.0%	0.0%	3.4 GHz	[Unknown]	c10::TensorImpl::_fw_grad(unsigned long, at::TensorBase const&) const	[Unknown]	0
lookdict_split	12.245s	35,200,000,000	26,336,000,000	1.337	24.6%	47.1%	5.1%	5.6%	0.0%	25.7%	23.0%	36.0%	14.0%	0.0%	3.4%	0.0%	2.9 GHz	[Unknown]	lookdict_split	dictobject.c	0
func@0x1fc3d0	12.230s	36,432,000,000	32,944,000,000	1.106	16.0%	80.5%	10.0%	13.5%	4.9%	14.4%	26.0%	0.0%	0.0%	0.0%	0.0%	0.0%	3.0 GHz	[Unknown]	func@0x1fc3d0	[Unknown]	0
c10::TensorImpl::sizes	12.145s	41,216,000,000	32,400,000,000	1.272	18.4%	52.2%	12.0%	20.6%	0.0%	2.4%	8.1%	6.8%	0.0%	0.0%	0.0%	7.4%	3.4 GHz	[Unknown]	c10::TensorImpl::sizes(void) const	[Unknown]	0
func@0x42fbe0	12.015s	38,640,000,000	25,776,000,000	1.499	18.5%	62.3%	0.0%	23.5%	0.5%	19.4%	23.0%	0.0%	0.0%	0.0%	0.0%	2.3%	3.2 GHz	[Unknown]	func@0x42fbe0	[Unknown]	0
std::_Hashtable<c10::cuda::CUDACachingAllocator::(anonymous namespace)::Block*, c10::cuda::CUDACachingAllocator::(anonymous namespace)::Block*, std::allocator<c10::cuda::CUDACachingAllocator::(anonymous namespace)::Block*>, std::__detail::_Identity, std::equal_to<c10::cuda::CUDACachingAllocator::(anonymous namespace)::Block*>, std::hash<c10::cuda::CUDACachingAllocator::(anonymous namespace)::Block*>, std::__detail::_Mod_range_hashing, std::__detail::_Default_ranged_hash, std::__detail::_Prime_rehash_policy, std::__detail::_Hashtable_traits<(bool)0, (bool)1, (bool)1>>::_M_erase.isra.0	11.995s	36,064,000,000	7,744,000,000	4.657	9.8%	19.8%	14.7%	10.9%	5.5%	20.6%	33.3%	0.0%	0.0%	0.0%	0.0%	16.3%	3.0 GHz	[Unknown]	std::_Hashtable<c10::cuda::CUDACachingAllocator::(anonymous namespace)::Block*, c10::cuda::CUDACachingAllocator::(anonymous namespace)::Block*, std::allocator<c10::cuda::CUDACachingAllocator::(anonymous namespace)::Block*>, std::__detail::_Identity, std::equal_to<c10::cuda::CUDACachingAllocator::(anonymous namespace)::Block*>, std::hash<c10::cuda::CUDACachingAllocator::(anonymous namespace)::Block*>, std::__detail::_Mod_range_hashing, std::__detail::_Default_ranged_hash, std::__detail::_Prime_rehash_policy, std::__detail::_Hashtable_traits<(bool)0, (bool)1, (bool)1>>::_M_erase(std::integral_constant<bool, (bool)1>, c10::cuda::CUDACachingAllocator::(anonymous namespace)::Block* const&).isra.0	[Unknown]	0
__activate_page	11.985s	37,440,000,000	64,880,000,000	0.577	43.9%	13.5%	9.6%	19.0%	0.5%	0.0%	0.5%	0.0%	0.0%	0.0%	9.0%	17.1%	3.1 GHz	[Unknown]	__activate_page	[Unknown]	0
c10::TensorImpl::compute_contiguous	11.985s	36,576,000,000	18,128,000,000	2.018	12.8%	79.4%	13.5%	13.0%	0.0%	13.0%	11.9%	0.0%	0.0%	0.0%	0.0%	0.0%	3.1 GHz	[Unknown]	c10::TensorImpl::compute_contiguous(void) const	[Unknown]	0
std::_Rb_tree_rebalance_for_erase	11.790s	40,240,000,000	14,080,000,000	2.858	11.1%	91.0%	11.5%	15.2%	5.4%	10.7%	14.2%	0.0%	0.0%	0.0%	0.0%	0.0%	3.4 GHz	[Unknown]	std::_Rb_tree_rebalance_for_erase(std::_Rb_tree_node_base*, std::_Rb_tree_node_base&)	[Unknown]	0
mark_page_accessed	11.715s	34,352,000,000	28,416,000,000	1.209	29.9%	24.9%	24.2%	9.2%	0.0%	0.0%	4.0%	0.0%	0.0%	0.0%	0.0%	15.2%	2.9 GHz	[Unknown]	mark_page_accessed	[Unknown]	0
c10::TensorImpl::release_resources	11.430s	38,896,000,000	25,216,000,000	1.543	26.3%	69.7%	6.5%	27.5%	0.0%	15.7%	19.8%	0.0%	0.0%	0.0%	0.0%	0.0%	3.4 GHz	[Unknown]	c10::TensorImpl::release_resources(void)	[Unknown]	0
_PyObject_Vectorcall	11.420s	31,296,000,000	21,568,000,000	1.451	21.5%	64.2%	0.0%	15.1%	0.0%	36.2%	25.4%	0.0%	0.0%	0.0%	10.2%	0.0%	2.7 GHz	[Unknown]	_PyObject_Vectorcall	abstract.h	0
at::TensorIteratorBase::compute_names	11.295s	37,248,000,000	16,608,000,000	2.243	13.4%	85.8%	0.0%	19.6%	1.1%	0.0%	9.5%	0.0%	0.0%	0.0%	0.0%	0.0%	3.3 GHz	[Unknown]	at::TensorIteratorBase::compute_names(at::TensorIteratorConfig const&)	[Unknown]	0
cudaGetDevice	11.265s	38,672,000,000	26,592,000,000	1.454	16.7%	71.2%	8.9%	9.2%	6.1%	6.6%	22.9%	0.0%	0.0%	0.0%	0.0%	1.8%	3.4 GHz	[Unknown]	cudaGetDevice	[Unknown]	0
func@0x411bb0	11.245s	43,776,000,000	223,984,000,000	0.195	99.3%	1.2%	0.0%	0.0%	0.5%	0.0%	0.5%	0.0%	0.0%	0.0%	0.0%	23.2%	3.9 GHz	[Unknown]	func@0x411bb0	[Unknown]	0
psi_task_change	11.000s	25,536,000,000	19,552,000,000	1.306	27.1%	20.1%	4.2%	0.7%	0.0%	33.4%	17.9%	0.0%	0.0%	0.0%	0.0%	18.8%	2.3 GHz	[Unknown]	psi_task_change	[Unknown]	0
_PyEval_EvalCodeWithName	10.890s	31,328,000,000	27,904,000,000	1.123	15.1%	40.1%	6.3%	9.5%	10.2%	9.4%	18.5%	20.3%	0.0%	0.0%	6.3%	7.6%	2.9 GHz	[Unknown]	_PyEval_EvalCodeWithName	ceval.c	0
sync_regs	10.835s	30,480,000,000	5,104,000,000	5.972	6.3%	31.4%	37.2%	7.8%	0.0%	0.0%	0.6%	0.0%	0.0%	0.0%	0.0%	20.3%	2.8 GHz	[Unknown]	sync_regs	[Unknown]	0
at::TensorIteratorBase::compute_shape	10.655s	37,328,000,000	21,536,000,000	1.733	14.7%	73.6%	11.4%	9.6%	0.5%	10.0%	11.1%	0.0%	0.0%	0.0%	0.0%	0.1%	3.5 GHz	[Unknown]	at::TensorIteratorBase::compute_shape(at::TensorIteratorConfig const&)	[Unknown]	0
at::native::empty_cuda	10.570s	35,152,000,000	20,416,000,000	1.722	9.8%	59.5%	6.1%	19.1%	0.5%	12.9%	15.1%	0.0%	0.0%	0.0%	3.9%	10.7%	3.3 GHz	[Unknown]	at::native::empty_cuda(c10::ArrayRef<long>, c10::optional<c10::ScalarType>, c10::optional<c10::Layout>, c10::optional<c10::Device>, c10::optional<bool>, c10::optional<c10::MemoryFormat>)	[Unknown]	0
torch::autograd::THPVariable_getitem	10.395s	32,944,000,000	18,096,000,000	1.821	12.8%	73.0%	5.9%	15.6%	6.6%	18.4%	13.2%	0.0%	0.0%	0.0%	0.0%	3.0%	3.2 GHz	[Unknown]	torch::autograd::THPVariable_getitem(_object*, _object*)	[Unknown]	0
THPVariable_Wrap	10.295s	33,056,000,000	16,992,000,000	1.945	21.0%	91.7%	0.0%	0.0%	6.6%	18.2%	13.8%	0.0%	0.0%	6.5%	0.6%	0.0%	3.2 GHz	[Unknown]	THPVariable_Wrap(at::TensorBase)	[Unknown]	0
func@0x245750	10.145s	26,448,000,000	24,912,000,000	1.062	27.2%	65.1%	0.0%	7.4%	10.5%	17.9%	20.9%	0.0%	0.0%	0.0%	0.0%	3.0%	2.6 GHz	[Unknown]	func@0x245750	[Unknown]	0
torch::autograd::AutogradMeta::fw_grad	10.120s	40,304,000,000	16,016,000,000	2.516	16.3%	71.4%	0.0%	8.8%	2.0%	17.1%	14.7%	0.0%	0.0%	0.0%	0.0%	3.9%	4.0 GHz	[Unknown]	torch::autograd::AutogradMeta::fw_grad(unsigned long, at::TensorBase const&) const	[Unknown]	0
traceback_iretf_impl	9.960s	27,168,000,000	23,664,000,000	1.148	21.4%	55.9%	0.0%	10.9%	5.8%	0.0%	17.3%	0.0%	0.0%	0.0%	2.9%	10.7%	2.7 GHz	[Unknown]	traceback_iretf_impl(char const*, cudnn::InternalStatus_t const&)	[Unknown]	0
tupledealloc	9.870s	29,536,000,000	23,680,000,000	1.247	16.2%	60.5%	17.6%	2.8%	6.7%	10.0%	16.8%	0.0%	0.0%	0.0%	2.7%	4.0%	3.0 GHz	[Unknown]	tupledealloc	tupleobject.c	0
c10::impl::ExcludeDispatchKeyGuard::~ExcludeDispatchKeyGuard	9.800s	30,800,000,000	13,200,000,000	2.333	7.5%	75.6%	10.2%	27.6%	5.1%	10.9%	10.9%	0.0%	0.0%	0.0%	0.0%	0.0%	3.1 GHz	[Unknown]	c10::impl::ExcludeDispatchKeyGuard::~ExcludeDispatchKeyGuard(void)	[Unknown]	0
syscall_return_via_sysret	9.710s	22,320,000,000	6,368,000,000	3.505	13.3%	21.9%	5.8%	1.9%	2.6%	0.9%	7.9%	0.0%	0.0%	0.0%	0.0%	55.6%	2.3 GHz	[Unknown]	syscall_return_via_sysret	[Unknown]	0
std::_Rb_tree<c10::cuda::CUDACachingAllocator::(anonymous namespace)::Block*, c10::cuda::CUDACachingAllocator::(anonymous namespace)::Block*, std::_Identity<c10::cuda::CUDACachingAllocator::(anonymous namespace)::Block*>, bool (*)(c10::cuda::CUDACachingAllocator::(anonymous namespace)::Block const*, c10::cuda::CUDACachingAllocator::(anonymous namespace)::Block const*), std::allocator<c10::cuda::CUDACachingAllocator::(anonymous namespace)::Block*>>::_M_insert_unique<c10::cuda::CUDACachingAllocator::(anonymous namespace)::Block* const&>	9.700s	27,040,000,000	19,008,000,000	1.423	15.9%	54.2%	14.4%	11.7%	0.0%	27.7%	26.3%	0.0%	0.0%	0.0%	2.2%	0.7%	2.8 GHz	[Unknown]	std::_Rb_tree<c10::cuda::CUDACachingAllocator::(anonymous namespace)::Block*, c10::cuda::CUDACachingAllocator::(anonymous namespace)::Block*, std::_Identity<c10::cuda::CUDACachingAllocator::(anonymous namespace)::Block*>, bool (*)(c10::cuda::CUDACachingAllocator::(anonymous namespace)::Block const*, c10::cuda::CUDACachingAllocator::(anonymous namespace)::Block const*), std::allocator<c10::cuda::CUDACachingAllocator::(anonymous namespace)::Block*>>::_M_insert_unique<c10::cuda::CUDACachingAllocator::(anonymous namespace)::Block* const&>(c10::cuda::CUDACachingAllocator::(anonymous namespace)::Block* const&&&)	[Unknown]	0
_raw_spin_lock_irqsave	9.625s	22,080,000,000	24,928,000,000	0.886	35.1%	15.8%	13.8%	26.9%	3.6%	0.0%	2.7%	0.0%	0.0%	0.0%	3.6%	7.2%	2.3 GHz	[Unknown]	_raw_spin_lock_irqsave	[Unknown]	0
page_remove_rmap	9.610s	28,032,000,000	52,304,000,000	0.536	58.5%	7.9%	0.0%	24.9%	0.0%	0.0%	5.0%	0.0%	0.0%	0.0%	0.0%	18.3%	2.9 GHz	[Unknown]	page_remove_rmap	[Unknown]	0
std::vector<unsigned long long, std::allocator<unsigned long long>>::operator[]	9.595s	29,216,000,000	85,472,000,000	0.342	75.5%	2.8%	6.8%	3.4%	2.7%	0.0%	71.1%	0.0%	0.0%	0.0%	0.0%	11.8%	3.0 GHz	[Unknown]	std::vector<unsigned long long, std::allocator<unsigned long long>>::operator[](unsigned long)	[Unknown]	0
at::native::copy_impl	9.470s	29,008,000,000	22,528,000,000	1.288	22.0%	82.4%	0.0%	6.9%	5.5%	10.3%	4.1%	0.0%	0.0%	0.0%	0.0%	0.0%	3.1 GHz	[Unknown]	at::native::copy_impl(at::Tensor&, at::Tensor const&, bool)	[Unknown]	0
traceback_iretf_impl	9.450s	27,440,000,000	32,496,000,000	0.844	23.2%	54.0%	0.0%	16.5%	0.0%	0.0%	17.2%	0.0%	0.0%	0.0%	0.0%	14.7%	2.9 GHz	[Unknown]	traceback_iretf_impl(char const*, cudnn::InternalStatus_t const&, bool)	[Unknown]	0
vm_normal_page	9.345s	25,936,000,000	66,048,000,000	0.393	52.2%	10.1%	0.0%	6.9%	4.6%	0.0%	53.8%	0.0%	0.0%	0.0%	0.0%	17.0%	2.8 GHz	[Unknown]	vm_normal_page	[Unknown]	0
do_user_addr_fault	9.340s	23,088,000,000	30,096,000,000	0.767	28.7%	38.5%	25.2%	5.2%	0.9%	0.5%	1.8%	0.0%	0.0%	0.0%	0.0%	6.1%	2.5 GHz	[Unknown]	do_user_addr_fault	[Unknown]	0
operator delete	9.320s	29,920,000,000	7,920,000,000	3.778	9.7%	93.3%	11.9%	8.6%	2.0%	0.0%	21.7%	0.0%	0.0%	0.0%	0.0%	0.0%	3.2 GHz	[Unknown]	operator delete(void*)	[Unknown]	0
at::native::gpu_kernel_impl<at::native::BinaryFunctor<float, float, float, at::native::AddFunctor<float>>>	9.270s	27,600,000,000	11,968,000,000	2.306	21.6%	96.1%	0.0%	2.2%	0.0%	15.7%	13.6%	0.0%	0.0%	0.0%	4.3%	0.0%	3.0 GHz	[Unknown]	at::native::gpu_kernel_impl<at::native::BinaryFunctor<float, float, float, at::native::AddFunctor<float>>>(at::TensorIteratorBase&, at::native::BinaryFunctor<float, float, float, at::native::AddFunctor<float>> const&)	[Unknown]	0